game,ply,move,color,destination_square,pitch_hz,pitch_midi,harmonic_richness,partial_hz,partial_midi,harmony_hz,harmony_midi,harmony_interval_ratio,attack_influence_balance,is_capture,is_check,dynamics_label,loudness
scholars_mate,1,e2e4,white,e4,804.55,79.45,1,804.55,79.45,1137.80,85.45,1.4142,40.000,False,False,,0.50
scholars_mate,2,e7e5,black,e5,1082.84,84.59,3,1082.84;2165.69;3248.53,84.59;96.59;103.61,1082.84,84.59,1.0000,0.000,False,False,tense,0.75
scholars_mate,3,d1h5,white,h5,1443.79,89.57,1,1443.79,89.57,2041.83,95.57,1.4142,54.000,False,False,tense,0.75
scholars_mate,4,b8c6,black,c6,1214.50,86.58,3,1214.50;2429.00;3643.50,86.58;98.58;105.60,1717.56,92.58,1.4142,34.000,False,False,active,0.55
scholars_mate,5,f1c4,white,c4,670.46,76.29,1,670.46,76.29,948.17,82.29,1.4142,47.000,False,False,active,0.55
scholars_mate,6,g8f6,black,f6,1619.33,91.56,3,1619.33;3238.66;4857.99,91.56;103.56;110.58,2290.08,97.56,1.4142,45.000,False,False,active,0.55
scholars_mate,7,h5f7,white,f7,2179.46,96.70,1,2179.46,96.70,3082.22,102.70,1.4142,29.000,True,True,tense,0.75
fastest_stalemate,1,e2e3,white,e3,597.78,74.31,1,597.78,74.31,845.39,80.31,1.4142,40.000,False,False,,0.50
fastest_stalemate,2,a7a5,black,a5,721.90,77.57,3,721.90;1443.79;2165.69,77.57;89.57;96.59,1020.91,83.57,1.4142,30.000,False,False,active,0.55
fastest_stalemate,3,d1h5,white,h5,1443.79,89.57,1,1443.79,89.57,2041.83,95.57,1.4142,120.000,False,False,chaotic,0.95
fastest_stalemate,4,a8a6,black,a6,971.60,82.71,3,971.60;1943.20;2914.80,82.71;94.71;101.73,1374.05,88.71,1.4142,90.000,False,False,active,0.55
fastest_stalemate,5,h5a5,white,a5,721.90,77.57,1,721.90,77.57,1020.91,83.57,1.4142,73.000,True,False,active,0.55
fastest_stalemate,6,h7h5,black,h5,1443.79,89.57,3,1443.79;2887.58;4331.37,89.57;101.57;108.59,2041.83,95.57,1.4142,63.000,False,False,active,0.55
fastest_stalemate,7,a5c7,white,c7,1634.59,91.72,1,1634.59,91.72,2311.66,97.72,1.4142,59.000,True,False,tense,0.75
fastest_stalemate,8,a6h6,black,h6,1943.20,94.71,3,1943.20;3886.40;5829.59,94.71;106.71;113.73,2748.10,100.71,1.4142,79.000,False,False,tense,0.75
fastest_stalemate,9,h2h4,white,h4,1072.73,84.43,1,1072.73,84.43,1517.07,90.43,1.4142,89.000,False,False,active,0.55
fastest_stalemate,10,f7f6,black,f6,1619.33,91.56,3,1619.33;3238.66;4857.99,91.56;103.56;110.58,2290.08,97.56,1.4142,114.000,False,False,active,0.55
fastest_stalemate,11,c7d7,white,d7,1743.57,92.84,1,1743.57,92.84,2465.78,98.84,1.4142,107.000,True,True,active,0.55
fastest_stalemate,12,e8f7,black,f7,2179.46,96.70,3,2179.46;4358.92;6538.37,96.70;108.70;115.72,3082.22,102.70,1.4142,86.000,False,False,active,0.55
fastest_stalemate,13,d7b7,white,b7,1471.13,89.90,1,1471.13,89.90,2080.50,95.90,1.4142,30.000,True,False,chaotic,0.95
fastest_stalemate,14,d8d3,black,d3,531.36,72.27,3,531.36;1062.72;1594.07,72.27;84.27;91.29,375.73,66.27,1.4142,-42.750,False,False,chaotic,0.95
fastest_stalemate,15,b7b8,white,b8,1980.00,95.04,1,1980.00,95.04,1400.07,89.04,1.4142,-64.000,True,False,tense,0.75
fastest_stalemate,16,d3h7,black,h7,2615.35,99.86,3,2615.35;5230.70;7846.05,99.86;111.86;118.88,3698.66,105.86,1.4142,54.750,False,False,chaotic,0.95
fastest_stalemate,17,b8c8,white,c8,2200.00,96.86,1,2200.00,96.86,3111.27,102.86,1.4142,104.500,True,False,chaotic,0.95
fastest_stalemate,18,f7g6,black,g6,1821.75,93.60,3,1821.75;3643.50;5465.24,93.60;105.60;112.62,2576.34,99.60,1.4142,145.500,False,False,tense,0.75
fastest_stalemate,19,c8e6,white,e6,1457.40,89.73,1,1457.40,89.73,2061.07,95.73,1.4142,163.500,False,False,active,0.55
sicilian_najdorf,1,e2e4,white,e4,804.55,79.45,1,804.55,79.45,1137.80,85.45,1.4142,40.000,False,False,,0.50
sicilian_najdorf,2,c7c5,black,c5,902.37,81.43,3,902.37;1804.74;2707.11,81.43;93.43;100.45,1276.14,87.43,1.4142,22.000,False,False,active,0.55
sicilian_najdorf,3,g1f3,white,f3,664.20,76.13,1,664.20,76.13,939.32,82.13,1.4142,24.000,False,False,active,0.55
sicilian_najdorf,4,d7d6,black,d6,1295.47,87.69,3,1295.47;2590.93;3886.40,87.69;99.69;106.71,1349.12,88.40,1.0414,2.000,False,False,tense,0.75
sicilian_najdorf,5,d2d4,white,d4,715.15,77.41,1,715.15,77.41,1011.38,83.41,1.4142,33.000,False,False,active,0.55
sicilian_najdorf,6,c5d4,black,d4,715.15,77.41,3,715.15;1430.31;2145.46,77.41;89.41;96.43,1011.38,83.41,1.4142,31.000,True,False,calm,0.35
sicilian_najdorf,7,f3d4,white,d4,715.15,77.41,1,715.15,77.41,1011.38,83.41,1.4142,51.000,True,False,tense,0.75
sicilian_najdorf,8,g8f6,black,f6,1619.33,91.56,3,1619.33;3238.66;4857.99,91.56;103.56;110.58,2290.08,97.56,1.4142,31.000,False,False,tense,0.75
sicilian_najdorf,9,b1c3,white,c3,498.15,71.15,1,498.15,71.15,704.49,77.15,1.4142,51.000,False,False,active,0.55
sicilian_najdorf,10,a7a6,black,a6,971.60,82.71,3,971.60;1943.20;2914.80,82.71;94.71;101.73,1374.05,88.71,1.4142,46.000,False,False,calm,0.35
sicilian_najdorf,11,f1e2,white,e2,444.15,69.16,1,444.15,69.16,628.12,75.16,1.4142,33.750,False,False,calm,0.35
sicilian_najdorf,12,e7e5,black,e5,1082.84,84.59,3,1082.84;2165.69;3248.53,84.59;96.59;103.61,1531.37,90.59,1.4142,21.500,False,False,active,0.55
sicilian_najdorf,13,d4b3,white,b3,448.33,69.32,1,448.33,69.32,634.04,75.32,1.4142,33.500,False,False,active,0.55
sicilian_najdorf,14,f8e7,black,e7,1961.51,94.88,3,1961.51;3923.02;5884.54,94.88;106.88;113.90,2774.00,100.88,1.4142,34.250,False,False,calm,0.35
sicilian_najdorf,15,e1g1,white,g1,412.50,67.88,1,412.50,67.88,583.36,73.88,1.4142,43.250,False,False,active,0.55
sicilian_najdorf,16,e8g8,black,g8,3300.00,103.88,3,3300.00;6600.00;9900.00,103.88;115.88;122.90,4666.90,109.88,1.4142,34.250,False,False,active,0.55
sicilian_najdorf,17,c1e3,white,e3,597.78,74.31,1,597.78,74.31,845.39,80.31,1.4142,70.250,False,False,active,0.55
sicilian_najdorf,18,c8e6,black,e6,1457.40,89.73,3,1457.40;2914.80;4372.19,89.73;101.73;108.75,2061.07,95.73,1.4142,51.500,False,False,active,0.55
sicilian_najdorf,19,c3d5,white,d5,962.53,82.55,1,962.53,82.55,1361.22,88.55,1.4142,49.000,False,False,tense,0.75
sicilian_najdorf,20,e6d5,black,d5,962.53,82.55,3,962.53;1925.05;2887.58,82.55;94.55;101.57,1361.22,88.55,1.4142,25.000,True,False,tense,0.75
